chr,1280,1485,15,167,249-R,318,61,917,943-R,TR43666,total,n_indel,total_event_length,freq_sum,indel_type,region,callable
chr10,967,1121,1027,1074,1057,1063,997,1149,1047,926,10428,710,2116,170.7,ins,2,1333681
chr10,4234,4153,4145,4284,4216,4274,4167,4301,4302,4120,42196,843,2724,190.8,del,2,1333681
chr10,993,1023,1158,950,957,1080,1000,1060,1104,1022,10347,699,2203,169.95,ins,3,1380702
chr10,5338,5163,5277,5168,5224,5259,5207,5214,5321,5235,52406,986,3187,195.45,del,3,1380702
chr10,1180,1186,1100,1177,1206,1030,1138,1189,1137,1064,11407,756,2410,199.35,ins,4,1525807
chr10,5361,5458,5355,5434,5457,5345,5341,5363,5441,5341,53896,1024,3412,223.4,del,4,1525807
chr10,1271,1249,1192,1125,1382,1162,1204,1234,1150,1283,12252,833,2394,227.75,ins,5,1457132
chr10,5904,5864,6021,5902,6005,5941,5755,5973,5904,5876,59145,1136,3799,272.85,del,5,1457132
chr10,1326,1170,1252,1264,1198,1216,1314,1206,1182,1333,12461,739,2240,209.8,ins,6,1452075
chr10,5014,4995,4961,4934,4986,4937,4852,4770,4915,4834,49198,1019,3220,244.95,del,6,1452075
chr10,1177,1176,1276,1122,1241,1264,1296,1280,1119,1219,12170,876,2465,247.2,ins,7,1761582
chr10,6257,6180,6351,6223,6229,6225,6270,6181,6242,6279,62437,1252,4039,289.45,del,7,1761582
chr10,1162,1204,1259,1193,1293,1097,1339,1210,1057,1173,11987,951,2674,245.85,ins,8,1830657
chr10,6251,6248,6386,6377,6213,6196,6200,6281,6192,6276,62620,1214,4011,270.7,del,8,1830657
chr10,819,836,781,731,608,795,842,715,826,720,7673,487,1810,125.7,ins,9,888480
chr10,2947,3011,3064,2954,2879,3054,2968,2978,2873,2989,29717,588,1917,134.4,del,9,888480
chr11,1173,1191,1209,1264,1164,1284,1336,1315,1156,1308,12400,829,2545,218.15,ins,12,1371989
chr11,4612,4855,4675,4690,4780,4689,4737,4758,4866,4620,47282,1061,3208,263.9,del,12,1371989
chr11,1478,1255,1451,1431,1356,1542,1492,1282,1071,1459,13817,932,2787,243.4,ins,13,1631820
chr11,6617,6536,6362,6778,6521,6606,6707,6545,6635,6456,65763,1258,4183,308.7,del,13,1631820
chr11,1155,1022,1070,1152,1185,1220,987,996,1238,1117,11142,640,2027,182.15,ins,14,1258135
chr11,4987,5059,4986,4953,4967,4981,4909,5055,5058,4865,49820,856,3172,209.7,del,14,1258135
chr11,1270,1320,1347,1130,1332,1260,1129,1208,1328,1287,12611,818,2563,215.9,ins,15,1735879
chr11,5578,5709,5781,5721,5678,5683,5689,5726,5720,5702,56987,1179,3741,277.65,del,15,1735879
chr11,1191,1291,1131,1140,1121,1198,1180,1182,1077,1108,11619,740,2459,194.1,ins,16,1452601
chr11,4976,5139,5159,4999,5002,4994,4906,4957,5230,5006,50368,1064,3262,243.85,del,16,1452601
chr11,1219,1229,1255,1067,1159,1092,1247,1151,1221,1195,11835,778,2642,190.8,ins,17,1539734
chr11,4593,4662,4685,4605,4714,4641,4669,4609,4686,4664,46528,910,2955,207.9,del,17,1539734
chr11,832,866,816,796,827,834,839,813,788,820,8231,559,1555,150.95,ins,18,1497372
chr11,3730,3682,3749,3682,3762,3759,3653,3648,3591,3591,36847,715,2388,162.45,del,18,1497372
chr11,1221,1059,1075,1080,935,1069,1000,1141,1075,899,10554,706,2411,176.25,ins,20,1194483
chr11,3825,3824,3894,3981,3833,3695,3912,3930,3914,3725,38533,826,2503,200.3,del,20,1194483
chr12,415,404,478,422,471,384,485,450,450,521,4480,269,833,72.25,ins,22,422449
chr12,2084,2160,2078,2232,2012,2109,2130,2149,2143,2162,21259,394,1460,101.3,del,22,422449
chr12,505,543,584,600,547,544,562,597,480,393,5355,343,1066,94.3,ins,24,1416550
chr12,2955,2923,2795,2880,2882,2928,3037,2983,3051,3077,29511,483,1858,106.65,del,24,1416550
chr12,1430,1174,1284,1429,1255,1289,1203,1359,1405,1282,13110,788,2667,205.7,ins,25,1395811
chr12,6092,5902,6083,6117,6078,6129,6130,6052,6164,6068,60815,1144,3928,269.4,del,25,1395811
chr12,1076,1086,1142,1228,1060,1271,1239,1148,1244,1180,11674,704,2277,174.55,ins,26,1534523
chr12,4935,4853,4798,4955,4867,4824,4827,4973,4844,4878,48754,992,3126,239.2,del,26,1534523
chr12,826,976,910,1024,992,954,988,948,1014,928,9560,626,1932,156.9,ins,27,1555816
chr12,4869,4742,4861,4857,4936,4851,4760,4888,4969,4854,48587,929,3113,213.9,del,27,1555816
chr12,1334,1405,1258,1467,1400,1336,1169,1187,1244,1245,13045,926,2789,236.9,ins,28,1717344
chr12,5846,5888,5946,5931,5925,5858,5978,6031,5866,5835,59104,1173,3793,273.45,del,28,1717344
chr12,1018,1138,978,1172,1054,1131,1033,1014,1022,1024,10584,851,2497,219.45,ins,29,1481676
chr12,5593,5609,5734,5793,5622,5566,5576,5749,5713,5723,56678,1108,3696,283.15,del,29,1481676
chr12,1052,1119,1090,1080,1238,1032,1109,1164,1122,1114,11120,891,2464,228.05,ins,30,1485976
chr12,5379,5333,5341,5283,5329,5301,5166,5257,5260,5421,53070,1115,3503,276.1,del,30,1485976
chr12,1132,1195,1155,1098,1252,1176,1105,1118,1173,1022,11426,737,2203,197.5,ins,31,1180471
chr12,4300,4376,4252,4453,4327,4320,4346,4321,4357,4325,43377,1000,2938,261.4,del,31,1180471
chr13,642,655,678,574,632,604,577,529,571,619,6081,383,1407,99.0,ins,33,710179
chr13,2462,2463,2476,2547,2444,2382,2558,2460,2424,2495,24711,521,1666,130.0,del,33,710179
chr13,980,1005,1076,1004,984,971,912,1026,971,1073,10002,670,1877,194.65,ins,34,1304724
chr13,4516,4447,4350,4322,4367,4421,4447,4395,4238,4386,43889,877,2919,218.2,del,34,1304724
chr13,1036,1239,1384,1147,1269,1193,1231,1262,1155,1438,12354,829,2694,208.85,ins,35,1497563
chr13,4985,4793,4973,4732,4731,4799,4751,4882,4658,4869,48173,1046,3253,269.65,del,35,1497563
chr13,1047,1005,995,995,1049,1027,1143,1029,1115,977,10382,677,2085,179.2,ins,36,1390659
chr13,4958,5000,5054,4823,5028,5015,4905,5102,4989,4917,49791,906,3126,207.75,del,36,1390659
chr13,1364,1253,1443,1228,1251,1190,1353,1336,1310,1126,12854,832,2452,233.4,ins,37,1408691
chr13,6256,6082,6277,6097,6185,6170,6248,6257,5991,6108,61671,1219,4154,317.35,del,37,1408691
chr13,1610,1500,1398,1540,1454,1652,1601,1550,1856,1584,15745,1167,3680,297.3,ins,38,1530344
chr13,8068,8218,8137,7933,8148,8156,8115,8201,8099,7891,80966,1565,5266,386.35,del,38,1530344
chr13,1623,1459,1511,1507,1466,1443,1558,1523,1715,1425,15230,1007,3002,275.55,ins,39,1584759
chr13,7222,7355,7388,7201,7380,7337,7387,7215,7339,7379,73203,1463,4849,373.5,del,39,1584759
chr13,821,856,934,872,869,795,810,715,876,800,8348,529,1686,133.3,ins,40,973701
chr13,4035,4076,4003,4073,4107,4096,4043,4082,4083,3911,40509,776,2627,186.3,del,40,973701
chr15,982,1048,804,1094,1012,893,934,926,1009,1070,9772,632,2033,169.55,ins,51,1072274
chr15,3896,3977,3897,3774,3817,3915,3834,3816,3986,3872,38784,783,2536,187.75,del,51,1072274
chr15,1185,1193,1342,1188,1126,1119,1158,1038,1110,1220,11679,750,2222,198.7,ins,52,1221238
chr15,5107,5113,5098,5119,5114,5177,5150,5059,4951,5044,50932,885,3305,209.4,del,52,1221238
chr15,1254,1189,1180,1160,1138,1157,1180,1249,1135,1272,11914,793,2352,213.8,ins,53,1298132
chr15,5239,5058,5176,4961,4923,5081,5158,5093,5044,4987,50720,1004,3446,269.65,del,53,1298132
chr15,1037,970,880,965,1119,879,888,966,917,1008,9629,717,2071,185.55,ins,54,1524057
chr15,4831,4792,4948,4976,4890,4957,4878,4800,4775,4844,48691,920,3081,210.1,del,54,1524057
chr15,948,853,872,883,926,906,850,935,933,929,9035,640,1800,164.55,ins,55,1402489
chr15,4574,4814,4732,4576,4709,4673,4643,4682,4722,4640,46765,826,3012,187.65,del,55,1402489
chr15,897,907,935,962,950,917,1055,1017,905,1033,9578,586,1908,159.0,ins,56,1293529
chr15,4407,4665,4522,4552,4519,4400,4535,4429,4464,4308,44801,768,2804,170.6,del,56,1293529
chr15,537,550,523,559,411,609,589,559,697,515,5549,357,1261,90.05,ins,57,713348
chr15,2703,2672,2648,2642,2692,2587,2551,2691,2610,2635,26431,481,1700,116.7,del,57,713348
chr19,1172,1128,1105,1169,1097,999,1093,1183,1132,1201,11279,648,2353,173.55,ins,70,1223809
chr19,4922,4761,4869,4793,4921,4807,4988,4907,5070,4859,48897,861,3319,217.3,del,70,1223809
chr19,805,850,866,857,858,848,901,922,831,828,8566,634,1998,160.7,ins,71,1291949
chr19,4807,4894,4914,4814,4762,4885,4835,4920,4839,4915,48585,886,3170,222.15,del,71,1291949
chr19,1065,1140,1104,1054,1000,1060,1238,1066,1056,1151,10934,725,2257,194.7,ins,72,1200174
chr19,5381,5194,5384,5375,5270,5293,5301,5222,5300,5212,52932,939,3430,227.5,del,72,1200174
chr19,927,896,995,935,1005,1117,962,867,1150,868,9722,717,2125,183.25,ins,73,1261857
chr19,4375,4419,4325,4432,4440,4476,4389,4489,4293,4486,44124,913,2939,229.05,del,73,1261857
chr19,595,693,676,739,631,610,690,586,648,579,6447,407,1346,99.85,ins,74,1001109
chr19,3438,3232,3350,3219,3311,3332,3409,3445,3292,3237,33265,587,2076,118.95,del,74,1001109
chr1A,482,534,560,421,373,517,441,494,499,528,4849,353,969,97.3,ins,75,453108
chr1A,2209,2245,2290,2208,2247,2328,2242,2298,2162,2336,22565,427,1477,102.35,del,75,453108
chr1A,1989,2169,2149,2026,2166,2151,1974,2080,2090,2104,20898,1315,3810,368.9,ins,76,1968995
chr1A,8880,9131,9191,9176,9334,9076,9185,9093,9029,9102,91197,1801,6076,457.95,del,76,1968995
chr1A,1275,1343,1465,1328,1404,1398,1355,1244,1274,1343,13429,973,2855,252.45,ins,77,1701783
chr1A,7078,7294,7271,7340,7407,7032,7198,7260,7215,7126,72221,1390,4673,326.05,del,77,1701783
chr1A,1213,1161,1099,1188,1181,1226,1121,1132,1293,1177,11791,806,2573,213.9,ins,78,1529037
chr1A,6277,6356,6320,6385,6304,6392,6321,6283,6328,6308,63274,1257,4038,287.15,del,78,1529037
chr1A,667,815,717,746,676,700,674,774,642,710,7121,441,1551,114.8,ins,79,1436703
chr1A,3403,3271,3237,3332,3356,3298,3341,3249,3361,3321,33169,665,2045,147.8,del,79,1436703
chr1A,480,456,405,515,540,550,426,512,425,437,4746,357,1124,90.25,ins,80,1504826
chr1A,1916,1971,1982,2001,1954,2003,1988,1950,2038,1978,19781,403,1263,95.1,del,80,1504826
chr1A,712,722,782,671,753,729,569,774,667,760,7139,455,1388,106.3,ins,81,1390877
chr1A,3488,3497,3355,3464,3580,3477,3517,3539,3560,3570,35047,654,2154,125.5,del,81,1390877
chr1A,1124,1081,1002,995,1236,1057,980,1098,1030,1118,10721,667,2361,165.3,ins,82,1368594
chr1A,4904,4879,4751,4833,4930,4893,4767,4829,4850,4874,48510,918,3019,188.05,del,82,1368594
chr1A,1267,1362,1247,1292,1348,1352,1396,1337,1335,1471,13407,865,3079,221.8,ins,83,1413078
chr1A,5571,5579,5531,5731,5399,5387,5583,5527,5555,5517,55380,1133,3537,254.55,del,83,1413078
chr1A,1155,1042,1177,1193,1064,1296,1013,1089,1319,1156,11504,644,2218,161.45,ins,84,1430374
chr1A,4769,4921,4596,4792,4694,4811,4911,4800,4684,4631,47609,921,3021,204.25,del,84,1430374
chr1A,1404,1339,1229,1297,1418,1472,1279,1452,1449,1363,13702,797,2746,212.0,ins,85,1498123
chr1A,6376,6376,6407,6445,6255,6351,6441,6390,6357,6341,63739,1178,3977,258.55,del,85,1498123
chr1A,1169,1278,1325,1311,1168,1191,1135,1296,1304,1297,12474,776,2708,199.9,ins,86,1547797
chr1A,6064,6018,6054,6080,5908,6035,5913,5988,6064,5968,60092,1110,3711,242.15,del,86,1547797
chr1A,1471,1312,1437,1284,1585,1492,1450,1416,1383,1582,14412,963,3247,245.2,ins,87,1862779
chr1A,6719,6727,6612,6659,6615,6629,6634,6795,6737,6769,66896,1235,4203,269.35,del,87,1862779
chr1A,867,962,990,914,1092,880,992,934,935,980,9546,596,1946,156.55,ins,88,1059251
chr1A,4534,4474,4406,4502,4358,4569,4428,4523,4446,4468,44708,803,2778,173.75,del,88,1059251
chr1A,1052,1234,1365,1257,1268,1199,1123,1092,1185,1259,12034,775,2665,188.15,ins,89,1358056
chr1A,5611,5443,5537,5477,5542,5644,5650,5621,5406,5503,55434,1072,3517,248.7,del,89,1358056
chr1A,1296,1535,1359,1341,1461,1314,1459,1322,1423,1307,13817,839,2895,228.0,ins,90,1477353
chr1A,6266,6186,6368,6289,6139,6184,6222,6285,6190,6236,62365,1110,3908,245.7,del,90,1477353
chr1A,1443,1161,1261,1360,1164,1147,1258,1244,1179,1296,12513,691,2534,184.3,ins,91,1421038
chr1A,4739,4873,4706,4826,4855,4762,4764,4739,4905,4781,47950,910,3032,201.0,del,91,1421038
chr1A,1237,1203,1129,1310,1265,1110,983,1150,1073,992,11452,759,2504,194.85,ins,92,1435854
chr1A,4947,4828,4878,4954,5007,5019,4849,4937,4869,5015,49303,1015,3167,232.2,del,92,1435854
chr1A,1369,1389,1387,1241,1406,1396,1210,1208,1293,1264,13163,852,3035,222.1,ins,93,1440153
chr1A,5882,5978,6017,5886,5980,6003,6081,5791,5914,5958,59490,1117,3774,261.25,del,93,1440153
chr1A,1628,1688,1667,1700,1869,1765,1510,1553,1677,1838,16895,992,3549,258.95,ins,94,1408260
chr1A,6632,6463,6481,6514,6521,6564,6503,6552,6494,6573,65297,1290,4298,311.6,del,94,1408260
chr1A,1528,1365,1406,1467,1424,1653,1646,1531,1524,1415,14959,935,2924,253.75,ins,95,1344425
chr1A,6186,6409,6187,6237,6335,6217,5932,6393,6210,6432,62538,1261,4107,321.45,del,95,1344425
chr1A,1753,1505,1527,1525,1565,1665,1463,1317,1633,1509,15462,987,3202,270.3,ins,96,1846041
chr1A,6238,6498,6359,6314,6427,6373,6408,6501,6420,6490,64028,1229,4099,293.55,del,96,1846041
chr1A,1566,1444,1398,1480,1409,1391,1412,1375,1536,1510,14521,925,2886,252.1,ins,97,1532140
chr1A,5833,5955,5772,5738,5794,5850,5821,5928,5847,5807,58345,1175,3843,280.45,del,97,1532140
chr1A,682,649,750,668,600,652,684,642,634,790,6751,516,1533,118.65,ins,98,1316589
chr1A,4083,3975,4054,4030,4093,4011,4100,4075,4108,4070,40599,695,2505,146.0,del,98,1316589
chr1A,851,890,850,888,863,825,845,865,828,816,8521,502,1468,138.0,ins,99,1315268
chr1A,3844,3869,3837,3736,3763,3858,3688,3962,3884,3725,38166,663,2462,162.2,del,99,1315268
chr1A,1253,1079,1103,1201,1107,1016,1103,1067,1200,997,11126,692,2180,190.55,ins,100,1428535
chr1A,5121,5081,5105,4870,4961,5077,4944,5064,4914,5050,50187,956,3337,243.4,del,100,1428535
chr1A,1368,1522,1368,1381,1385,1404,1270,1414,1431,1241,13784,835,2775,222.65,ins,101,1475058
chr1A,5662,5674,5608,5717,5805,5612,5606,5575,5469,5529,56257,1148,3697,276.45,del,101,1475058
chr1A,1039,1123,1264,1305,1243,1283,1242,1199,1356,1375,12429,743,2341,217.05,ins,102,1151345
chr1A,5067,4938,4965,5009,4996,4937,5000,5110,4849,5034,49905,1046,3386,275.0,del,102,1151345
chr1A,831,870,773,871,734,988,774,697,741,853,8132,421,1549,118.9,ins,103,1042950
chr1A,2631,2617,2670,2630,2629,2615,2727,2703,2662,2687,26571,526,1757,133.95,del,103,1042950
chr1A,597,514,631,514,599,528,585,582,504,543,5597,372,1045,109.8,ins,107,492618
chr1A,2026,2118,2034,2181,2121,2150,2116,2025,1994,2047,20812,438,1411,105.6,del,107,492618
chr1A,962,938,972,1080,1059,1026,865,925,1014,1124,9965,762,2244,206.85,ins,108,976736
chr1A,5289,5272,5207,5205,5242,5239,5257,5089,5332,5080,52212,1037,3494,262.1,del,108,976736
chr1A,1310,1147,1262,1230,1220,1191,1184,1171,1176,1243,12134,765,2397,217.8,ins,109,1283604
chr1A,4286,4373,4479,4288,4456,4435,4381,4239,4442,4319,43698,996,3132,276.55,del,109,1283604
chr1,1535,1358,1428,1362,1471,1582,1479,1525,1287,1529,14556,933,2734,253.05,ins,112,1167065
chr1,5699,5712,5632,5642,5758,5517,5745,5590,5730,5704,56729,1192,3779,303.6,del,112,1167065
chr1,1773,1577,1706,1587,1645,1721,1837,1956,1809,1645,17256,1061,3590,278.85,ins,113,1387926
chr1,6634,6496,6486,6484,6342,6614,6479,6556,6447,6523,65061,1363,4335,345.75,del,113,1387926
chr1,1496,1419,1613,1522,1380,1445,1386,1249,1386,1278,14174,908,3016,242.05,ins,114,1555249
chr1,6356,6583,6582,6343,6653,6577,6719,6439,6695,6767,65714,1251,4405,319.95,del,114,1555249
chr1,1504,1574,1840,1623,1412,1468,1645,1472,1688,1552,15778,972,3088,255.4,ins,115,1380347
chr1,6608,6943,6792,6800,6735,6977,6822,6798,6850,6698,68023,1380,4472,352.45,del,115,1380347
chr1,1810,2161,2091,1940,1773,2031,1938,2059,2024,1902,19729,1085,3954,307.2,ins,116,1494866
chr1,6967,6975,7071,7163,6954,7000,6867,7065,6905,6797,69764,1479,4503,357.0,del,116,1494866
chr1,1352,1335,1282,1394,1408,1386,1388,1225,1488,1414,13672,762,2752,195.0,ins,117,1386681
chr1,5352,5450,5423,5379,5431,5527,5344,5605,5456,5464,54431,1021,3419,227.55,del,117,1386681
chr1,1092,1138,1057,1295,1111,1257,1082,1078,1234,1126,11470,734,2455,189.15,ins,118,1529743
chr1,5185,5417,5233,5228,5271,5339,5109,5240,5246,5266,52534,932,3321,200.9,del,118,1529743
chr1,1387,1263,1405,1403,1231,1240,1484,1286,1347,1332,13378,849,2930,233.35,ins,119,1573064
chr1,6395,6486,6513,6438,6676,6308,6497,6507,6516,6469,64805,1184,4171,277.75,del,119,1573064
chr1,1404,1467,1405,1285,1381,1393,1429,1410,1347,1279,13800,895,2953,229.6,ins,120,1493886
chr1,6741,6841,6994,6912,7031,6702,6741,6877,6835,6929,68603,1244,4399,281.65,del,120,1493886
chr1,2110,2209,2188,2189,1888,2121,2175,2093,2265,2122,21360,1264,4385,328.9,ins,121,1792830
chr1,9091,8961,8983,9206,9076,8934,8992,9284,8856,9095,90478,1741,5803,408.95,del,121,1792830
chr1,1650,1727,1771,1732,1678,1823,1673,1720,1860,1765,17399,1074,3879,265.6,ins,122,1516601
chr1,7801,8064,7896,8042,7989,8012,7906,8113,7674,7939,79436,1473,5085,337.9,del,122,1516601
chr1,1082,1164,1146,1211,1086,1231,1111,1079,1272,1307,11689,727,2461,185.25,ins,123,1384330
chr1,5364,5176,5437,5089,5165,5406,5250,5309,5289,5250,52735,973,3356,221.75,del,123,1384330
chr1,1334,1232,1242,1217,1417,1249,1223,1344,1259,1267,12784,753,2542,205.75,ins,124,1436798
chr1,5960,6212,6114,6138,6038,6145,6185,6036,6069,6108,61005,1067,3839,239.3,del,124,1436798
chr1,1306,1143,1155,968,1277,1170,1220,1103,1018,1183,11543,756,2571,191.4,ins,125,1505346
chr1,5970,5914,6171,5828,5953,5889,5982,6042,5916,5911,59576,1047,3767,235.4,del,125,1505346
chr1,1248,1158,1182,1174,1257,1261,1182,1394,1206,1287,12349,796,2783,202.6,ins,126,1437764
chr1,5361,5620,5640,5377,5455,5645,5601,5671,5641,5519,55530,1068,3618,238.5,del,126,1437764
chr1,1599,1519,1404,1533,1554,1387,1475,1443,1514,1723,15151,951,3181,245.75,ins,127,1532761
chr1,6601,6714,6735,6651,6607,6825,6692,6780,6742,6567,66914,1240,4333,292.95,del,127,1532761
chr1,1777,1625,1607,1686,1741,1743,1779,1698,1588,1634,16878,1086,3544,278.35,ins,128,1676374
chr1,7673,7589,7823,7650,7656,7522,7665,7644,7677,7809,76708,1495,4847,324.9,del,128,1676374
chr1,1555,1657,1564,1895,1837,1868,1632,1732,1738,1627,17105,1110,3744,295.0,ins,129,1769974
chr1,8200,8234,8288,8154,7913,8149,8075,8241,8245,8246,81745,1652,5143,363.7,del,129,1769974
chr1,1072,1054,1025,1155,1010,1174,1125,1131,1114,1107,10967,765,2299,189.65,ins,130,1472653
chr1,6162,6125,6041,5941,6187,6068,6103,5946,6025,5881,60479,1035,3839,233.4,del,130,1472653
chr1,1332,1404,1301,1325,1324,1419,1340,1430,1295,1366,13536,796,2866,202.95,ins,131,1387626
chr1,5798,5728,5793,5669,5883,5929,5864,5712,5828,5804,58008,1099,3769,255.0,del,131,1387626
chr1,1377,1492,1531,1404,1294,1540,1489,1597,1499,1399,14622,809,2716,222.7,ins,147,1351815
chr1,5719,5673,5691,5727,5924,5794,5759,5840,5917,5653,57697,1108,3685,256.55,del,147,1351815
chr1,1929,2002,2159,2028,1840,2008,2007,1955,2168,2068,20164,1117,3946,305.75,ins,148,1593763
chr1,8485,8281,8608,8444,8453,8404,8566,8580,8832,8367,85020,1605,5470,377.3,del,148,1593763
chr1,1220,1182,1124,1209,1137,1127,1281,1107,1265,1165,11817,714,2318,194.15,ins,149,1363963
chr1,4936,4986,5050,4966,5076,5086,5000,5023,4923,5133,50179,1069,3248,256.25,del,149,1363963
chr1,1262,1324,1207,1291,1200,1250,1291,1456,1207,1270,12758,875,2867,215.15,ins,150,1430188
chr1,6598,6741,6648,6495,6697,6571,6660,6684,6888,6607,66589,1252,4249,294.55,del,150,1430188
chr1,1632,1364,1591,1312,1262,1567,1251,1295,1348,1462,14084,902,3276,235.55,ins,151,1416554
chr1,6653,6812,6649,6600,6706,6693,6691,6707,6547,6751,66809,1230,4263,291.9,del,151,1416554
chr1,1392,1504,1254,1343,1315,1231,1248,1291,1243,1366,13187,917,2931,239.5,ins,152,1441918
chr1,5975,5954,6286,6074,6125,5901,6202,6146,6188,5993,60844,1217,3912,288.15,del,152,1441918
chr1,988,1164,1111,1057,1232,1024,923,906,1170,1097,10672,598,1986,146.95,ins,153,1190097
chr1,4130,4211,4120,4158,4139,4334,4228,4280,4221,4107,41928,834,2701,200.85,del,153,1190097
chr1,1003,856,697,763,693,836,847,825,839,837,8196,449,1462,115.1,ins,154,918347
chr1,3416,3679,3706,3650,3739,3614,3619,3689,3713,3661,36486,617,2428,147.15,del,154,918347
chr1,932,956,956,969,969,1011,972,940,948,1011,9664,599,1887,153.15,ins,155,1164413
chr1,3994,3867,3831,3917,3879,3924,3860,3805,3876,3940,38893,787,2513,186.7,del,155,1164413
chr20,931,999,1083,1064,949,1215,929,951,959,962,10042,486,2029,124.3,ins,169,964014
chr20,3946,3901,4068,3802,3851,3925,3870,3990,3947,4012,39312,717,2563,169.95,del,169,964014
chr20,1574,1510,1585,1548,1641,1751,1540,1531,1632,1509,15821,815,2566,235.45,ins,170,1285220
chr20,5926,5993,5725,5957,5718,5802,5833,5891,5983,5816,58644,1173,4053,332.65,del,170,1285220
chr20,1124,1207,1392,1250,1307,1402,1291,1205,1055,1188,12421,777,2380,216.5,ins,171,1423485
chr20,6034,6051,6137,6022,6160,6085,5982,5882,6090,6030,60473,1221,4049,312.85,del,171,1423485
chr20,1181,915,853,1042,945,887,989,1110,925,1019,9866,590,2208,153.6,ins,172,1190106
chr20,3694,3737,3745,3881,3758,3738,3705,3818,3831,3721,37628,749,2465,178.7,del,172,1190106
chr20,1224,1128,1111,1175,1252,1209,1220,1249,1216,1309,12093,764,2328,219.15,ins,173,1318644
chr20,5005,4930,5015,5127,5029,5234,5109,5093,5071,5175,50788,982,3359,252.85,del,173,1318644
chr20,1114,1164,1197,1170,1063,1140,1164,1193,1150,1323,11678,816,2439,201.9,ins,174,1480304
chr20,5487,5360,5286,5472,5433,5409,5353,5427,5401,5355,53983,1056,3506,247.7,del,174,1480304
chr20,950,950,1090,887,1002,985,920,986,908,909,9587,686,2222,165.5,ins,175,1133480
chr20,4150,4415,4413,4367,4424,4296,4355,4303,4349,4321,43393,899,2821,221.3,del,175,1133480
chr21,1106,980,1097,1091,1112,1051,1078,1007,1247,1156,10925,561,2032,161.6,ins,178,972578
chr21,4492,4686,4606,4592,4695,4500,4623,4789,4727,4630,46340,823,3063,204.35,del,178,972578
chr21,356,411,467,409,415,357,512,391,452,384,4154,337,953,71.9,ins,179,1063641
chr21,2771,2834,2877,2765,2774,2797,2798,2806,2814,2843,28079,477,1672,80.7,del,179,1063641
chr22,690,608,721,697,670,664,743,653,712,712,6870,443,1400,114.0,ins,181,817340
chr22,2752,2731,2781,2858,2804,2820,2765,2853,2833,2733,27930,550,1743,127.6,del,181,817340
chr22,468,437,374,411,397,354,471,537,427,351,4227,264,1015,64.25,ins,182,445849
chr22,1613,1568,1615,1583,1586,1653,1603,1622,1577,1510,15930,294,994,64.7,del,182,445849
chr23,577,529,535,605,556,535,491,527,527,515,5397,370,1146,99.8,ins,184,444222
chr23,1670,1680,1768,1691,1696,1719,1721,1645,1736,1608,16934,380,1165,104.8,del,184,444222
chr24,617,496,540,515,536,589,586,582,559,528,5548,340,1280,88.55,ins,188,1050760
chr24,1439,1528,1474,1397,1477,1419,1444,1555,1477,1488,14698,289,944,66.7,del,188,1050760
chr24,1232,1161,1250,1057,1157,1111,1148,1179,1280,1178,11753,634,2233,185.3,ins,189,1198185
chr24,4444,4427,4492,4248,4510,4587,4311,4243,4392,4285,43939,900,2945,229.5,del,189,1198185
chr24,977,1163,1026,1145,1073,954,1056,921,1297,1072,10684,649,2333,170.3,ins,190,1326582
chr24,4744,4579,4752,4553,4694,4614,4620,4781,4783,4526,46646,905,3192,236.0,del,190,1326582
chr26,668,598,754,630,616,587,672,596,818,627,6566,382,1324,94.05,ins,195,870218
chr26,2964,2993,3045,2887,2922,2913,2956,2836,2967,2967,29450,499,1792,102.15,del,195,870218
chr27,547,559,559,555,520,450,504,728,566,595,5583,371,1181,101.35,ins,198,525120
chr27,2299,2416,2357,2300,2381,2390,2381,2354,2353,2336,23567,416,1540,107.9,del,198,525120
chr28,569,555,585,628,549,662,516,626,505,593,5788,337,1206,86.8,ins,201,789226
chr28,2118,2064,2011,2169,2084,2091,2089,2100,1944,2128,20798,339,1361,79.75,del,201,789226
chr28,701,605,548,635,513,627,682,576,635,533,6055,381,1084,102.55,ins,202,668752
chr28,2639,2628,2722,2745,2879,2762,2638,2658,2670,2814,27155,470,1792,115.45,del,202,668752
chr2,624,648,593,574,601,714,671,616,699,655,6395,420,1225,115.9,ins,204,517221
chr2,2518,2671,2564,2522,2522,2640,2511,2557,2478,2484,25467,498,1724,130.7,del,204,517221
chr2,1367,1268,1455,1364,1424,1325,1390,1337,1360,1440,13730,953,2776,273.95,ins,205,1217220
chr2,6405,6404,6483,6420,6439,6473,6364,6562,6420,6357,64327,1291,4212,325.45,del,205,1217220
chr2,1121,1306,1241,1227,1201,1216,1322,1208,1133,1242,12217,774,2416,218.05,ins,206,1391574
chr2,5829,6138,5930,6044,5982,5931,5975,6010,5878,5936,59653,1197,3907,301.5,del,206,1391574
chr2,1565,1754,1730,1763,1711,1601,1507,1632,1687,1611,16561,965,3249,271.8,ins,207,1579541
chr2,6605,6852,6818,6766,6926,6807,6726,6492,6699,6797,67488,1358,4410,341.3,del,207,1579541
chr2,1346,1349,1444,1418,1237,1404,1308,1392,1272,1177,13347,797,2869,206.05,ins,208,1648938
chr2,6589,6567,6763,6677,6777,6587,6676,6454,6559,6826,66475,1188,4346,277.1,del,208,1648938
chr2,1400,1477,1300,1342,1311,1469,1571,1300,1542,1478,14190,882,2886,235.95,ins,209,1663261
chr2,7110,7053,6976,7093,6953,6983,7174,7066,6955,7039,70402,1329,4489,316.35,del,209,1663261
chr2,1076,1085,984,1122,1116,1136,1034,1080,1181,919,10733,692,2275,175.55,ins,210,1502478
chr2,5129,5062,4833,5026,5147,5075,5026,5106,5057,5032,50493,984,3247,233.1,del,210,1502478
chr2,868,780,1017,871,864,819,775,861,793,910,8558,491,1619,128.1,ins,211,1395469
chr2,4158,4160,4131,4316,4153,4196,4200,4276,4070,4215,41875,756,2607,160.1,del,211,1395469
chr2,777,799,886,938,830,867,956,805,842,895,8595,580,1829,142.5,ins,212,1437003
chr2,4106,4145,4143,4269,4174,4345,4104,4195,4233,4239,41953,799,2635,176.6,del,212,1437003
chr2,1266,1237,1224,1235,1263,1362,1187,1258,1176,1237,12445,767,2438,192.8,ins,213,1386486
chr2,5321,5274,5255,5355,5383,5238,5436,5296,5219,5280,53057,1081,3519,270.1,del,213,1386486
chr2,1225,1360,1300,1200,1215,1192,1327,1222,1145,1280,12466,727,2534,187.25,ins,214,1378364
chr2,5734,5779,5778,5726,5717,5754,5548,5764,5675,5843,57318,1014,3553,224.0,del,214,1378364
chr2,1147,1173,1192,1187,1050,1117,1036,1097,1132,1140,11271,748,2458,190.8,ins,215,1400727
chr2,5467,5533,5387,5405,5500,5434,5468,5615,5560,5463,54832,1047,3528,243.2,del,215,1400727
chr2,1549,1588,1496,1655,1399,1450,1501,1537,1685,1450,15310,896,2877,244.5,ins,216,1759978
chr2,6573,6554,6526,6587,6529,6509,6486,6390,6442,6506,65102,1307,4069,281.7,del,216,1759978
chr2,1853,1790,1647,1722,1642,1684,1668,1696,1766,1658,17126,1069,3376,303.25,ins,217,1598387
chr2,7670,7674,7563,7622,7541,7612,7517,7470,7556,7553,75778,1522,4948,364.4,del,217,1598387
chr2,1461,1457,1416,1485,1428,1401,1400,1407,1536,1539,14530,869,2750,235.9,ins,218,1525525
chr2,6198,6324,6074,6408,6396,6206,6321,6346,6265,6054,62592,1163,4083,276.25,del,218,1525525
chr2,1415,1267,1585,1306,1394,1332,1456,1171,1388,1269,13583,865,2815,224.3,ins,219,1432817
chr2,6362,6609,6623,6320,6475,6512,6532,6382,6452,6531,64798,1197,4131,266.9,del,219,1432817
chr2,1216,1357,1226,1267,1258,1240,1405,1262,1332,1164,12727,757,2447,196.85,ins,220,1527389
chr2,5836,5754,5629,5678,5672,5660,5732,5559,5640,5735,56895,1024,3625,232.75,del,220,1527389
chr2,935,1020,871,782,1026,872,1011,898,884,824,9123,625,1767,168.45,ins,221,1263298
chr2,4285,4216,4222,4181,4343,4336,4289,4218,4144,4349,42583,903,2810,213.45,del,221,1263298
chr2,1706,1783,1797,1733,1598,1656,1708,1669,1783,1756,17189,1079,3349,295.8,ins,222,1550350
chr2,7269,7537,7311,7606,7490,7405,7466,7368,7362,7558,74372,1439,4819,336.35,del,222,1550350
chr2,1236,1295,1311,1485,1436,1181,1353,1393,1274,1306,13270,939,2995,232.85,ins,223,1531328
chr2,6649,6691,6574,6732,6633,6625,6679,6545,6622,6640,66390,1207,4245,279.55,del,223,1531328
chr2,1484,1262,1355,1339,1345,1297,1245,1425,1381,1292,13425,845,2559,231.55,ins,224,1514928
chr2,6058,6032,6111,6167,6051,5950,6119,5979,5949,6096,60512,1137,3848,260.1,del,224,1514928
chr2,1280,1370,1154,1123,1372,1460,1224,1384,1044,1383,12794,851,2858,232.95,ins,225,1380345
chr2,6268,6429,6508,6286,6452,6409,6345,6228,6555,6316,63796,1208,4244,297.6,del,225,1380345
chr2,1415,1437,1439,1362,1233,1408,1346,1396,1230,1319,13585,810,2808,215.9,ins,226,1409871
chr2,5996,5894,6024,5810,5879,5811,5917,5851,5895,5917,58994,1037,3778,239.05,del,226,1409871
chr2,948,945,838,948,984,922,916,850,973,921,9245,644,2096,169.1,ins,227,1017084
chr2,4928,5061,4836,4980,5119,5026,5096,5032,4905,4944,49927,908,3161,199.75,del,227,1017084
chr2,633,719,703,666,697,665,699,661,549,718,6710,393,1457,90.75,ins,241,671542
chr2,2346,2418,2329,2294,2334,2398,2377,2421,2321,2297,23535,470,1565,107.8,del,241,671542
chr2,552,630,705,634,736,721,620,600,740,638,6576,459,1516,104.9,ins,242,1170379
chr2,3695,3689,3615,3635,3627,3566,3620,3643,3641,3535,36266,650,2210,124.2,del,242,1170379
chr2,478,448,456,369,596,435,444,422,376,376,4400,288,1065,76.4,ins,243,1230968
chr2,1952,1963,1972,2092,1884,1961,1923,1975,1843,1866,19431,365,1164,71.1,del,243,1230968
chr2,948,942,790,833,1060,948,1027,856,921,947,9272,602,2177,151.4,ins,245,1455287
chr2,4250,4047,4211,4253,4189,4177,4090,4045,4049,4189,41500,733,2588,157.9,del,245,1455287
chr2,1204,1194,1173,1199,1505,1147,1066,1276,1298,1274,12336,742,2639,185.7,ins,246,1428748
chr2,5102,5148,5093,5144,5098,5250,5175,5114,5033,5197,51354,925,3188,203.5,del,246,1428748
chr2,1289,1436,1392,1391,1328,1337,1342,1305,1477,1312,13609,865,2668,237.35,ins,247,1690565
chr2,5970,6019,6040,6064,6046,5961,5925,5973,6027,5999,60024,1172,3718,249.95,del,247,1690565
chr2,1297,1394,1290,1108,1327,1242,1202,1225,1353,1213,12651,873,2813,232.3,ins,248,1551200
chr2,6568,6620,6688,6767,6741,6738,6797,6742,6682,6446,66789,1187,4177,275.65,del,248,1551200
chr2,1209,1130,1134,1161,1290,1291,1106,1129,1245,1185,11880,725,2169,204.6,ins,249,1410133
chr2,5336,5146,5181,5258,5309,5288,5387,5234,5201,5196,52536,1029,3327,231.05,del,249,1410133
chr2,1487,1294,1472,1499,1346,1508,1409,1409,1524,1622,14570,982,3198,252.55,ins,250,1609991
chr2,6000,6002,5864,5921,5968,5808,5876,5996,5949,5936,59320,1201,3885,289.25,del,250,1609991
chr2,2003,1735,1747,1792,1813,1797,1684,1725,1914,1688,17898,1087,3791,286.85,ins,251,1426194
chr2,7439,7284,7175,7445,7190,7428,7429,7250,7088,7448,73176,1466,4675,350.2,del,251,1426194
chr2,1192,1192,1052,944,1079,1083,1134,995,1010,963,10644,650,2180,178.45,ins,252,955917
chr2,4654,4607,4585,4600,4716,4785,4540,4616,4707,4671,46481,931,2985,227.5,del,252,955917
chr2,1207,1314,1113,1255,1082,1120,1356,1295,1230,1290,12262,809,2745,209.05,ins,253,1456578
chr2,5982,6188,5999,6189,6097,5999,6045,6020,6047,6018,60584,1121,3873,257.0,del,253,1456578
chr2,1713,1590,1666,1659,1594,1706,1509,1651,1684,1692,16464,1012,3397,275.5,ins,254,1603558
chr2,6713,6986,7031,6836,6999,7019,6981,7008,6953,7051,69577,1305,4442,302.65,del,254,1603558
chr2,1438,1385,1337,1302,1555,1465,1477,1455,1467,1509,14390,880,3083,236.65,ins,255,1413344
chr2,6366,6334,6282,6317,6200,6314,6252,6228,6224,6382,62899,1236,4125,305.0,del,255,1413344
chr2,1039,1025,1084,1027,1024,1009,1014,1237,1086,1047,10592,752,2207,198.1,ins,256,1468844
chr2,5130,4880,5142,5089,4989,5087,4981,4939,5272,5066,50575,970,3304,223.25,del,256,1468844
chr2,1413,1342,1428,1335,1414,1395,1392,1347,1545,1374,13985,937,2966,245.15,ins,257,1466108
chr2,6635,6786,6731,6881,6739,6834,6795,6724,6618,6928,67671,1345,4306,307.85,del,257,1466108
chr2,1393,1509,1653,1607,1415,1476,1644,1461,1503,1479,15140,943,3215,248.85,ins,258,1458147
chr2,5997,5988,5985,6023,6152,5996,6004,6145,5944,5977,60211,1170,3778,257.15,del,258,1458147
chr2,1760,1931,1697,1564,1844,1825,1670,1838,1826,1945,17900,1084,3883,283.45,ins,259,1431586
chr2,6938,6988,7098,7129,7057,7061,7108,7010,7088,6965,70442,1445,4587,346.55,del,259,1431586
chr2,1651,1462,1409,1574,1523,1387,1470,1503,1338,1432,14749,967,3171,264.6,ins,260,1400610
chr2,6335,6166,6468,6410,6160,6209,6186,6267,6311,6379,62891,1258,4147,305.0,del,260,1400610
chr2,1445,1556,1310,1390,1344,1427,1350,1572,1308,1436,14138,876,3217,224.3,ins,261,1531258
chr2,6197,6251,6302,6153,6130,6208,6305,6095,6066,6297,62004,1243,4108,297.55,del,261,1531258
chr2,1307,1401,1289,1392,1444,1359,1454,1411,1202,1395,13654,830,2729,225.65,ins,262,1533824
chr2,6143,5919,5954,5899,5983,6041,5997,5902,5836,5984,59658,1134,3787,251.55,del,262,1533824
chr2,1621,1394,1392,1530,1139,1448,1306,1300,1496,1523,14149,790,2661,199.1,ins,263,1360639
chr2,5986,5998,5864,6040,5873,5963,5800,5961,5961,5825,59271,1052,3743,233.25,del,263,1360639
chr2,1009,1263,1011,1118,1015,1094,1096,1236,1259,1122,11223,773,2561,190.3,ins,264,1381154
chr2,5310,5262,5391,5281,5491,5524,5403,5402,5292,5631,53987,1115,3484,254.05,del,264,1381154
chr2,1578,1748,1626,1667,1691,1571,1520,1527,1565,1674,16167,894,3250,244.15,ins,265,1374085
chr2,6276,6185,6212,6078,6081,6451,6201,6118,6238,6244,62084,1201,4006,288.1,del,265,1374085
chr2,1458,1458,1526,1459,1402,1591,1423,1589,1519,1442,14867,918,3030,248.0,ins,266,1439226
chr2,6883,6761,6897,6716,6909,7032,7061,6914,7005,7037,69215,1380,4475,336.55,del,266,1439226
chr2,1129,1061,1089,1008,1109,1161,1197,1097,1070,1246,11167,617,1991,168.2,ins,267,1386508
chr2,4322,4289,4274,4272,4321,4408,4205,4306,4207,4231,42835,834,2785,186.3,del,267,1386508
chr2,1077,985,937,1016,936,954,1104,959,1027,1106,10101,675,2380,164.45,ins,268,1425712
chr2,4376,4550,4493,4446,4525,4593,4555,4538,4544,4641,45261,889,2865,202.6,del,268,1425712
chr2,1107,1247,924,1026,1106,958,918,1093,1139,882,10400,608,2183,161.0,ins,269,1407063
chr2,4760,4710,4888,4862,4739,4778,4810,4784,4844,4635,47810,849,2980,173.45,del,269,1407063
chr2,1636,1715,1919,1727,1736,1677,1754,1828,1853,1776,17621,1051,3621,286.45,ins,270,1845640
chr2,8148,8171,8129,8338,8168,8163,8285,8186,8331,7916,81835,1583,5190,371.25,del,270,1845640
chr2,1569,1489,1560,1642,1549,1700,1624,1681,1722,1512,16048,981,3213,277.9,ins,271,1314291
chr2,7161,7083,6917,7132,7068,6987,7010,7113,7067,7015,70553,1411,4536,333.9,del,271,1314291
chr2,1214,1183,1029,1121,1100,1078,1006,1027,1208,1070,11036,815,2737,203.05,ins,272,1870524
chr2,6014,6036,6018,5993,5981,5968,6114,6156,5890,6093,60263,1135,3785,245.45,del,272,1870524
chr2,1095,1150,1177,1107,1011,1078,1141,1051,1062,1205,11077,603,2156,152.15,ins,273,1401401
chr2,5182,5226,5089,5128,5158,5243,5007,5252,5196,5260,51741,950,3359,234.35,del,273,1401401
chr2,1365,1276,1399,1397,1323,1536,1594,1355,1576,1229,14050,823,3304,196.55,ins,274,1555783
chr2,5457,5253,5398,5502,5250,5538,5391,5460,5414,5497,54160,1083,3490,251.85,del,274,1555783
chr2,1257,1223,1261,1443,1244,1258,1283,1210,1129,1366,12674,892,3046,225.25,ins,275,1469634
chr2,7024,6914,6849,6792,6944,7074,6933,7079,7175,7074,69858,1323,4446,311.8,del,275,1469634
chr2,1817,1892,1575,1827,1773,1813,1838,1711,1765,1661,17672,1123,3587,302.2,ins,276,1464236
chr2,8143,8285,8222,8205,8032,8217,8171,8153,8156,8275,81859,1573,5320,392.55,del,276,1464236
chr2,1706,1880,1754,1832,1757,1853,1866,1851,1824,1803,18126,1015,3255,302.4,ins,277,1547195
chr2,7364,7330,7166,7308,7269,7242,7352,7286,7405,7469,73191,1405,4794,357.6,del,277,1547195
chr2,1408,1354,1562,1306,1209,1469,1438,1527,1382,1476,14131,896,2761,247.0,ins,278,1130141
chr2,5475,5584,5658,5614,5552,5429,5597,5764,5582,5485,55740,1181,3805,299.6,del,278,1130141
chr3,488,655,550,528,617,634,574,658,535,534,5773,380,1405,98.25,ins,288,1419086
chr3,2362,2436,2447,2331,2438,2395,2392,2428,2479,2337,24045,472,1545,117.55,del,288,1419086
chr3,1150,1112,1256,1174,1260,1157,1052,1083,1323,1176,11743,844,2634,218.8,ins,289,1678764
chr3,5788,5704,5715,5672,5734,5762,5643,5778,5783,5487,57066,1113,3739,255.05,del,289,1678764
chr3,1131,1174,1014,1164,1133,1206,1161,996,1067,1159,11205,725,2238,188.65,ins,290,1412341
chr3,5004,4905,4967,4874,4981,4926,5041,5107,5032,4994,49831,988,3240,230.85,del,290,1412341
chr3,1176,1224,1282,1224,1226,1331,1240,1237,1243,1291,12474,820,2779,211.4,ins,291,1502549
chr3,5929,5890,5937,5991,6069,6072,6050,5861,5914,5949,59662,1118,3753,252.4,del,291,1502549
chr3,988,895,1131,1024,1149,1043,969,925,965,974,10063,655,2215,164.05,ins,292,1560661
chr3,4578,4640,4473,4536,4609,4525,4671,4629,4485,4463,45609,835,2829,168.6,del,292,1560661
chr3,370,330,434,382,420,332,385,298,454,387,3792,299,1003,64.85,ins,296,1219799
chr3,2536,2441,2510,2580,2403,2539,2474,2487,2452,2530,24952,453,1499,79.3,del,296,1219799
chr3,998,908,972,997,1010,868,1164,968,1009,979,9873,675,2336,165.6,ins,297,1391734
chr3,5590,5287,5474,5285,5409,5389,5396,5463,5314,5480,54087,956,3356,195.95,del,297,1391734
chr3,1321,1268,1244,1207,1288,1302,1268,1211,1522,1136,12767,834,2999,204.55,ins,298,1430547
chr3,4973,4964,4890,4863,4925,4958,4972,4942,4985,4980,49452,1025,3125,236.25,del,298,1430547
chr3,1603,1430,1443,1552,1472,1401,1667,1622,1403,1519,15112,842,3152,213.6,ins,299,1514013
chr3,6431,6319,6362,6302,6433,6220,6401,6330,6185,6175,63158,1149,4049,260.0,del,299,1514013
chr3,1216,1277,1245,1107,1154,1366,1304,1338,1338,1345,12690,792,2705,215.55,ins,300,1399903
chr3,6046,6320,6006,5942,6008,6106,5930,6057,6024,6141,60580,1159,3938,287.0,del,300,1399903
chr3,1214,1216,1207,1333,1172,1261,1305,1351,1108,1119,12286,802,2710,214.25,ins,301,1436735
chr3,6164,6244,6251,6230,6225,6336,6133,6317,6068,6008,61976,1127,4050,282.95,del,301,1436735
chr3,1807,1714,1778,1811,1879,1652,1577,1629,1681,1715,17243,1028,3594,271.7,ins,302,1480279
chr3,7524,7755,7638,7646,7712,7597,7481,7602,7472,7451,75878,1448,4894,341.95,del,302,1480279
chr3,1313,1284,1327,1179,1186,1246,1182,1218,1365,1177,12477,841,2766,225.7,ins,303,1447496
chr3,6206,6559,6464,6393,6545,6545,6435,6507,6418,6500,64572,1166,3999,256.1,del,303,1447496
chr3,1360,1408,1497,1398,1367,1455,1434,1442,1304,1372,14037,880,2866,239.35,ins,304,1359447
chr3,6559,6827,6683,6618,6793,6618,6724,6837,6899,6790,67348,1206,4299,293.0,del,304,1359447
chr3,1420,1428,1432,1358,1292,1212,1502,1303,1452,1475,13874,908,3080,227.65,ins,305,1454794
chr3,5570,5780,5723,5653,5666,5837,5910,5763,5811,5715,57428,1133,3783,271.45,del,305,1454794
chr3,1396,1373,1358,1302,1135,1331,1317,1331,1459,1337,13339,748,2510,193.1,ins,306,1486076
chr3,5460,5338,5355,5347,5535,5404,5296,5553,5426,5342,54056,1039,3461,247.5,del,306,1486076
chr3,1453,1497,1541,1527,1327,1383,1422,1361,1197,1399,14107,869,3053,215.7,ins,307,1326022
chr3,6320,6504,6387,6413,6255,6259,6272,6330,6311,6277,63328,1261,4120,300.55,del,307,1326022
chr3,1288,1274,1463,1367,1188,1245,1354,1200,1439,1385,13203,821,2662,229.1,ins,308,1433968
chr3,6271,6477,6246,6386,6420,6207,6365,6309,6288,6463,63432,1164,4184,278.0,del,308,1433968
chr3,1484,1297,1423,1303,1358,1466,1275,1390,1240,1311,13547,1001,3118,247.8,ins,309,1474505
chr3,6985,6890,6885,6830,7011,6928,7010,6754,6818,7029,69140,1296,4463,309.0,del,309,1474505
chr3,1134,1234,1140,1242,1062,1024,1058,1295,1193,1155,11537,783,2664,197.45,ins,310,1448912
chr3,6739,6466,6836,6871,6857,6710,6723,6772,6711,6825,67510,1119,4286,251.85,del,310,1448912
chr3,1571,1461,1398,1394,1436,1585,1597,1472,1426,1453,14793,952,3047,262.8,ins,311,1429081
chr3,6975,7163,7060,6967,6919,7121,7071,6963,6768,7021,70028,1371,4532,309.95,del,311,1429081
chr3,1665,1619,1689,1716,1536,1759,1491,1594,1795,1710,16574,968,3279,266.75,ins,312,1419842
chr3,6569,6733,6628,6563,6500,6339,6435,6556,6417,6445,65185,1222,4189,279.95,del,312,1419842
chr3,1469,1353,1330,1577,1409,1512,1307,1505,1363,1312,14137,910,2713,255.75,ins,313,1528923
chr3,6237,6381,6233,6395,6326,6355,6227,6245,6245,6265,62909,1278,4048,297.1,del,313,1528923
chr3,1259,1147,1173,1271,1100,1356,1242,1053,1089,1221,11911,627,2369,175.25,ins,314,1453835
chr3,5200,4986,5170,5179,5147,5127,5114,5281,5172,5170,51546,952,3168,202.2,del,314,1453835
chr3,1755,1626,1850,1599,1670,1571,1670,1844,1814,1707,17106,981,3552,263.95,ins,315,1434368
chr3,6548,6532,6666,6595,6700,6713,6670,6692,6795,6746,66657,1356,4246,320.2,del,315,1434368
chr3,1017,1020,1179,984,967,1126,1135,1101,1030,949,10508,758,2191,203.3,ins,316,1486186
chr3,5723,5804,5553,5697,5758,5726,5648,5672,5735,5687,57003,1039,3622,233.45,del,316,1486186
chr3,1794,1715,1798,1792,1582,1689,1730,1764,1690,1706,17260,1227,3772,319.15,ins,317,1936656
chr3,8732,8840,8825,8968,8890,8789,8726,8828,8619,8980,88197,1731,5740,398.75,del,317,1936656
chr3,1320,1353,1345,1319,1090,1294,1334,1265,1229,1332,12881,890,2930,222.9,ins,318,1701167
chr3,6821,6808,6770,6962,6798,6766,6718,6697,6535,6842,67717,1290,4278,284.4,del,318,1701167
chr3,1112,1128,1177,1293,1226,1171,1259,1183,1415,1182,12146,759,2404,204.85,ins,319,1412095
chr3,5578,5567,5730,5634,5658,5685,5714,5575,5722,5589,56452,1079,3643,235.3,del,319,1412095
chr3,1202,1316,1410,1233,1318,1447,1382,1284,1315,1169,13076,820,2493,221.65,ins,320,1496614
chr3,5787,5784,5719,5808,5849,5846,5875,5793,5751,5734,57946,1227,3771,279.85,del,320,1496614
chr3,1367,1081,1199,1066,1121,1207,1131,1110,1217,1310,11809,750,2297,191.85,ins,321,1420877
chr3,5631,5805,5825,5768,5822,5796,5815,5591,5720,5790,57563,1096,3691,265.95,del,321,1420877
chr3,1322,1472,1360,1576,1407,1273,1343,1574,1509,1301,14137,894,2947,223.6,ins,322,1454766
chr3,6819,7015,6928,6750,7122,7056,6977,6974,6794,6934,69369,1318,4419,292.55,del,322,1454766
chr3,1384,1328,1359,1472,1376,1323,1542,1437,1572,1443,14236,891,3375,234.1,ins,323,1419995
chr3,6686,6765,6851,6836,6694,6852,6818,6780,6834,6798,67914,1328,4259,290.15,del,323,1419995
chr3,1325,1293,1347,1156,1255,1300,1120,1181,1040,1289,12306,725,2947,181.55,ins,324,1326760
chr3,5749,5471,5636,5568,5700,5699,5573,5635,5775,5677,56483,1062,3627,245.85,del,324,1326760
chr3,1194,1324,1353,1413,1269,1362,1401,1445,1346,1422,13529,850,2911,222.3,ins,325,1334421
chr3,6215,5993,6151,6144,6104,6027,6213,6078,6207,6038,61170,1209,3956,284.65,del,325,1334421
chr3,1203,1306,1470,1236,1368,1383,1430,1382,1242,1319,13339,864,2829,230.2,ins,326,1556371
chr3,6605,6490,6495,6728,6512,6536,6523,6527,6558,6654,65628,1219,4192,271.05,del,326,1556371
chr3,1309,1428,1372,1455,1201,1364,1349,1497,1217,1520,13712,944,3097,239.1,ins,327,1593534
chr3,6587,6752,6579,6551,6616,6536,6656,6778,6659,6777,66491,1259,4228,287.05,del,327,1593534
chr3,937,944,936,824,928,1058,983,918,725,794,9047,695,2344,162.85,ins,328,1501018
chr3,5019,5067,5150,4969,4893,5051,5115,4972,4991,5143,50370,904,3092,189.7,del,328,1501018
chr3,928,997,899,974,1002,1061,936,877,1039,982,9695,662,2205,167.2,ins,329,1443501
chr3,5003,4950,4896,4938,5057,4894,4999,5110,4985,4925,49757,953,3167,209.8,del,329,1443501
chr3,1408,1279,1341,1370,1310,1347,1353,1463,1526,1210,13607,889,2702,241.05,ins,330,1403049
chr3,6419,6509,6360,6641,6598,6382,6448,6296,6398,6294,64345,1316,4239,333.6,del,330,1403049
chr3,1764,1564,1584,1659,1644,1545,1616,1504,1486,1493,15859,824,2920,235.3,ins,331,1440809
chr3,6372,6346,6154,6395,6315,6285,6280,6277,6319,6260,63003,1187,4039,288.55,del,331,1440809
chr3,1158,1022,1132,1144,1158,1089,1132,1192,1142,1177,11346,801,2244,203.85,ins,332,1490261
chr3,5597,5681,5675,5560,5514,5677,5606,5804,5634,5644,56392,1162,3643,264.95,del,332,1490261
chr3,1367,1235,1339,1262,1130,1317,1215,1408,1270,1398,12941,773,2740,201.45,ins,333,1414028
chr3,6075,6275,6075,6044,6051,5999,6227,6104,6130,6192,61172,1141,3990,270.95,del,333,1414028
chr3,1326,1534,1476,1405,1596,1399,1330,1690,1427,1449,14632,1013,3008,278.45,ins,334,1343303
chr3,7010,6826,7098,6821,7125,6981,7241,6981,7069,7089,70241,1467,4634,374.2,del,334,1343303
chr3,1191,1106,1128,1198,1153,1207,1198,1149,1154,1137,11621,619,2001,173.25,ins,335,859546
chr3,4262,4366,4340,4338,4436,4296,4254,4343,4374,4399,43408,822,2921,206.3,del,335,859546
chr4A,778,753,703,665,701,775,719,767,621,773,7255,472,1457,126.55,ins,336,1276240
chr4A,1535,1536,1447,1565,1541,1556,1532,1516,1576,1563,15367,355,1043,93.65,del,336,1276240
chr4A,751,698,687,752,665,743,650,751,587,763,7047,460,1321,126.3,ins,337,1431633
chr4A,792,820,801,756,803,769,747,782,805,796,7871,193,513,51.7,del,337,1431633
chr4A,954,977,918,1053,888,980,1055,1036,938,1157,9956,562,2095,148.75,ins,338,1332341
chr4A,3414,3357,3293,3442,3405,3347,3371,3276,3474,3309,33688,651,2265,170.85,del,338,1332341
chr4A,1378,1227,1355,1230,1252,1336,1508,1425,1342,1328,13381,794,2726,200.35,ins,339,1529148
chr4A,6142,6072,6317,6190,6332,6041,6201,6226,6172,6341,62034,1128,4053,277.85,del,339,1529148
chr4A,996,818,901,814,975,911,995,907,805,898,9020,568,2032,132.3,ins,340,1359860
chr4A,4419,4377,4429,4543,4399,4502,4357,4352,4522,4465,44365,789,2717,165.75,del,340,1359860
chr4A,630,531,608,495,518,575,526,539,629,497,5548,345,1301,82.65,ins,341,1299661
chr4A,2516,2578,2608,2589,2575,2560,2603,2631,2525,2616,25801,466,1545,81.35,del,341,1299661
chr4A,347,475,426,374,392,449,417,466,430,382,4158,327,1164,73.2,ins,342,1274993
chr4A,2397,2448,2390,2332,2406,2507,2365,2399,2453,2400,24097,406,1404,70.1,del,342,1274993
chr4A,446,463,468,506,463,518,505,456,558,561,4944,393,1153,94.1,ins,343,1362472
chr4A,3187,3183,3233,3230,3307,3199,3189,3157,3244,3272,32201,573,1905,107.2,del,343,1362472
chr4,406,459,407,405,396,444,402,346,417,459,4141,246,711,72.55,ins,346,333044
chr4,1647,1596,1653,1640,1596,1663,1752,1760,1711,1671,16689,282,1070,67.6,del,346,333044
chr4,1080,1093,1045,1067,1043,1083,1039,994,1048,1115,10607,650,1910,190.3,ins,347,877161
chr4,4289,4386,4493,4453,4480,4468,4404,4372,4430,4380,44155,771,2883,187.55,del,347,877161
chr4,1119,1100,1264,1199,1063,1123,1141,1087,1025,1207,11328,738,2350,192.35,ins,348,1124681
chr4,4837,4830,4798,5003,4832,4788,4889,5027,4823,4920,48747,911,3111,207.5,del,348,1124681
chr4,1120,1072,1036,1035,900,937,1043,1019,867,1046,10075,606,1881,171.15,ins,349,1085589
chr4,4403,4319,4449,4364,4288,4429,4335,4314,4273,4200,43374,801,2752,178.7,del,349,1085589
chr4,960,992,740,987,914,991,1073,871,1012,732,9272,655,2094,160.25,ins,351,1281502
chr4,4461,4628,4574,4610,4629,4556,4632,4595,4639,4594,45918,853,2885,187.7,del,351,1281502
chr4,1205,1317,1377,1291,1242,1222,1271,1389,1244,1275,12833,887,2754,236.05,ins,352,1587174
chr4,6153,6210,6270,6318,6392,6064,6404,6301,6265,6219,62596,1168,4006,266.8,del,352,1587174
chr4,1344,1249,1500,1310,1329,1287,1357,1291,1229,1209,13105,939,2717,257.8,ins,353,1566166
chr4,7115,7100,7082,7166,7073,7337,7190,7070,7363,7061,71557,1326,4488,290.55,del,353,1566166
chr4,1703,1853,1877,1823,1770,2129,1928,1951,1730,1784,18548,1164,3623,314.3,ins,354,1516289
chr4,8073,7981,8189,7928,8201,8172,8127,8126,8078,8143,81018,1448,5205,341.65,del,354,1516289
chr4,1568,1689,1631,1690,1854,1674,1669,1483,1787,1540,16585,993,3256,271.3,ins,355,1509971
chr4,7075,7129,7096,7134,7065,7041,7202,7041,6990,7354,71127,1407,4653,342.25,del,355,1509971
chr4,1424,1400,1568,1512,1448,1502,1429,1469,1434,1431,14617,915,2645,257.3,ins,356,1471771
chr4,6189,6143,6178,6319,6320,6030,6280,6215,6116,6295,62085,1256,4085,308.85,del,356,1471771
chr4,1517,1445,1525,1420,1394,1400,1471,1633,1333,1361,14499,921,3146,245.1,ins,357,1444893
chr4,6398,6320,6433,6586,6392,6640,6723,6648,6456,6423,65019,1222,4370,312.55,del,357,1444893
chr4,1295,1222,1381,1256,1309,1186,1329,1351,1287,1159,12775,717,2471,188.65,ins,358,1328790
chr4,5210,5283,5390,5196,5169,5310,5140,5091,5310,4950,52049,920,3374,224.45,del,358,1328790
chr4,1869,2023,1944,2111,1964,1983,1958,2076,2036,1909,19873,1196,3854,324.7,ins,360,1416726
chr4,7761,7834,7922,7960,7937,7903,7784,8009,8011,7812,78933,1551,5111,390.5,del,360,1416726
chr4,1586,1533,1453,1918,1578,1654,1594,1565,1648,1672,16201,851,2873,236.55,ins,361,1352116
chr4,6282,6212,6052,6147,6145,6257,6084,6229,6128,6233,61769,1255,4071,304.75,del,361,1352116
chr4,1434,1624,1617,1609,1602,1494,1462,1496,1709,1634,15681,1066,3132,288.35,ins,362,1434974
chr4,7730,7724,7777,7828,7825,7916,7851,7810,7831,7964,78256,1504,5099,360.95,del,362,1434974
chr4,1634,1784,1828,1757,1824,1686,1901,1802,1892,1794,17902,1151,3721,303.85,ins,363,1609079
chr4,7525,7672,7448,7561,7633,7687,7380,7568,7459,7430,75363,1579,4793,360.15,del,363,1609079
chr4,1127,1103,955,1136,1041,1141,1080,910,1065,1081,10639,731,2273,175.95,ins,364,1478156
chr4,5422,5323,5471,5516,5405,5369,5368,5449,5391,5333,54047,989,3309,202.8,del,364,1478156
chr4,1183,1233,1378,1281,1285,1415,1231,1407,1303,1137,12853,880,2747,220.6,ins,365,1368495
chr4,6711,6743,6653,6845,6791,6709,6646,6713,6852,6829,67492,1342,4282,299.65,del,365,1368495
chr4,1741,1606,1695,1794,1829,1684,1672,1732,1765,1768,17286,869,2997,256.25,ins,366,1363684
chr4,6559,6490,6346,6587,6282,6612,6519,6427,6533,6464,64819,1283,4189,294.05,del,366,1363684
chr4,900,798,892,925,1045,936,977,791,1063,982,9309,665,2034,155.4,ins,367,1354405
chr4,5051,5000,5128,4963,4939,4853,5039,4984,5008,5016,49981,885,3189,188.2,del,367,1354405
chr4,1346,1288,1285,1317,1374,1275,1233,1418,1242,1483,13261,831,2715,226.5,ins,368,1377691
chr4,5503,5448,5564,5433,5470,5435,5330,5614,5479,5456,54732,1176,3569,275.15,del,368,1377691
chr4,1675,1627,1495,1454,1610,1637,1414,1548,1633,1557,15650,943,3321,241.9,ins,369,1846714
chr4,6878,6993,7056,6914,6960,6854,7044,6999,6959,6887,69544,1382,4396,309.05,del,369,1846714
chr4,1731,1756,1662,1318,1767,1634,1616,1522,1726,1656,16388,1048,3584,272.9,ins,370,1610189
chr4,7281,7420,7451,7327,7421,7210,7549,7428,7273,7340,73700,1478,4638,317.9,del,370,1610189
chr4,1122,1310,1272,1155,1233,1178,1210,935,1183,1227,11825,878,2869,207.1,ins,371,1915640
chr4,6486,6551,6466,6306,6378,6381,6473,6365,6532,6358,64296,1184,3963,243.05,del,371,1915640
chr4,876,908,829,913,1022,844,1006,1023,954,937,9312,767,2295,187.1,ins,372,1449082
chr4,5427,5359,5426,5449,5457,5293,5460,5521,5390,5436,54218,1114,3477,258.05,del,372,1449082
chr4,957,942,1145,878,888,956,796,889,988,914,9353,618,2172,148.45,ins,373,1423397
chr4,5573,5610,5582,5737,5711,5620,5707,5657,5516,5605,56318,1028,3499,222.55,del,373,1423397
chr4,1270,1112,1139,1139,1078,1288,974,1071,1274,1114,11459,690,2447,175.9,ins,374,1463024
chr4,4540,4630,4657,4602,4777,4619,4775,4509,4712,4703,46524,941,3001,214.55,del,374,1463024
chr4,1586,1554,1651,1553,1434,1737,1569,1496,1567,1447,15594,890,2948,237.4,ins,375,1501559
chr4,6305,6396,6556,6407,6615,6391,6517,6486,6451,6330,64454,1232,4147,292.75,del,375,1501559
chr4,1213,1114,1148,1161,1181,1227,1344,1012,1073,1113,11586,794,2656,199.8,ins,376,1573347
chr4,5517,5607,5422,5555,5607,5593,5586,5305,5559,5577,55328,1048,3596,238.15,del,376,1573347
chr4,1475,1632,1692,1586,1663,1617,1734,1561,1553,1599,16112,1103,3538,276.85,ins,377,1742748
chr4,7529,7719,7706,7495,7508,7909,7676,7469,7405,7810,76226,1491,5024,362.3,del,377,1742748
chr4,1848,1976,2076,2109,2202,1933,1919,1981,2025,1900,19969,1216,3821,348.55,ins,378,1538432
chr4,7809,7852,7836,7832,7947,8249,7897,7806,7930,8021,79179,1678,5343,439.35,del,378,1538432
chr4,580,545,682,806,575,587,570,481,580,673,6079,372,1122,102.15,ins,379,491069
chr4,2288,2210,2352,2269,2252,2377,2298,2230,2181,2258,22715,470,1523,126.0,del,379,491069
chr5,1574,1482,1533,1492,1366,1373,1551,1442,1354,1369,14536,914,2758,261.45,ins,383,1396650
chr5,6150,6243,6103,5971,6107,5958,6139,6272,6307,6168,61418,1250,4097,323.65,del,383,1396650
chr5,654,684,686,611,718,657,727,585,627,730,6679,396,1290,96.95,ins,387,1351017
chr5,2589,2822,2826,2769,2756,2697,2716,2791,2788,2706,27460,489,1708,92.7,del,387,1351017
chr5,751,676,677,671,721,748,704,726,705,747,7126,484,1394,121.3,ins,388,1521907
chr5,3711,3748,3716,3656,3880,3797,3702,3637,3589,3703,37139,678,2255,132.1,del,388,1521907
chr5,863,1007,989,833,967,878,1018,932,997,925,9409,600,1947,158.6,ins,389,1478591
chr5,4643,4475,4458,4477,4529,4437,4402,4531,4528,4529,45009,830,2957,200.5,del,389,1478591
chr5,1283,1148,1139,1192,1252,1338,1254,1363,1270,1164,12403,829,2806,219.6,ins,390,1441082
chr5,5824,5687,5770,5674,5713,5815,5866,5843,5688,5675,57555,1142,3795,267.3,del,390,1441082
chr5,1522,1622,1435,1610,1528,1556,1615,1793,1578,1498,15757,1060,3388,280.1,ins,391,1929375
chr5,7323,7449,7378,7406,7311,7094,7352,7289,7288,7496,73386,1467,4721,329.45,del,391,1929375
chr5,886,916,993,763,796,924,874,905,874,863,8794,594,1835,151.95,ins,392,1377872
chr5,4168,4242,4255,4201,4139,4164,4124,4067,4131,4179,41670,731,2606,158.5,del,392,1377872
chr5,973,1070,1293,1126,1194,1007,1134,1370,1035,1154,11356,648,2091,183.85,ins,393,1290567
chr5,4582,4470,4545,4419,4423,4392,4658,4516,4482,4414,44901,866,2994,209.35,del,393,1290567
chr5,1100,1107,983,1019,1080,1040,1019,1162,1133,1073,10716,694,2163,181.4,ins,394,1351265
chr5,4262,4457,4373,4382,4521,4471,4333,4508,4421,4509,44237,837,2911,198.45,del,394,1351265
chr5,1198,1044,1004,1095,1049,1098,1043,996,1019,1082,10628,603,2108,155.9,ins,395,1355272
chr5,4062,4178,3885,4020,4137,4052,4236,4050,4170,4068,40858,808,2616,176.1,del,395,1355272
chr5,832,925,954,922,811,995,928,913,941,971,9192,685,1981,177.15,ins,396,1393840
chr5,5361,5382,5191,5313,5169,5328,5427,5336,5239,5063,52809,973,3296,210.75,del,396,1393840
chr5,1449,1356,1527,1467,1549,1554,1354,1509,1486,1283,14534,897,3090,242.05,ins,397,1457122
chr5,6899,6812,6656,7010,6724,6902,6760,6903,6860,6805,68331,1322,4347,309.5,del,397,1457122
chr5,1003,1073,975,1052,1065,986,1094,963,1017,919,10147,675,2200,173.85,ins,398,1440614
chr5,5469,5430,5287,5479,5308,5462,5343,5412,5263,5411,53864,974,3429,212.8,del,398,1440614
chr5,759,928,765,839,775,828,843,884,867,708,8196,575,1795,141.9,ins,399,1458500
chr5,3926,3815,3945,3869,3856,3904,3889,3991,3944,3939,39078,767,2469,167.9,del,399,1458500
chr5,765,802,618,640,648,742,638,663,599,646,6761,455,1661,106.1,ins,400,1356580
chr5,3716,3614,3645,3724,3568,3665,3764,3564,3538,3609,36407,608,2262,130.4,del,400,1356580
chr5,974,995,997,949,858,1043,996,946,936,897,9591,677,2157,165.6,ins,401,1415586
chr5,4874,4849,4984,4919,4794,4810,4677,4955,4906,4925,48693,822,3099,180.3,del,401,1415586
chr5,1564,1574,1583,1441,1607,1454,1622,1150,1419,1428,14842,916,3019,236.9,ins,402,1538610
chr5,6613,6587,6546,6645,6725,6652,6698,6571,6533,6699,66269,1274,4207,304.85,del,402,1538610
chr5,652,765,776,671,819,712,799,717,789,683,7383,534,1626,132.25,ins,403,1356864
chr5,3992,4017,4005,3891,4031,3847,3854,3927,3954,4005,39523,730,2454,158.4,del,403,1356864
chr5,992,999,1087,967,1065,1050,995,1142,1074,1014,10385,641,2251,164.05,ins,404,1349316
chr5,4603,4441,4593,4689,4668,4669,4595,4825,4423,4443,45949,861,2961,195.5,del,404,1349316
chr5,1009,1116,899,958,1128,994,966,1127,1118,1021,10336,728,2396,171.1,ins,405,1572962
chr5,4910,4864,4959,4844,4904,4953,4895,5099,4909,4863,49200,935,3109,200.1,del,405,1572962
chr5,945,924,799,831,764,804,875,968,833,880,8623,660,2019,160.95,ins,406,1416368
chr5,4754,4821,4978,5065,4875,5004,4947,5042,5015,5092,49593,888,3128,207.8,del,406,1416368
chr5,1126,1161,1004,1152,1071,1155,1154,1110,1122,1156,11211,738,2240,191.05,ins,407,1436985
chr5,6388,6492,6364,6309,6315,6469,6315,6258,6187,6334,63431,1127,4088,274.95,del,407,1436985
chr5,1253,1309,1338,1259,1329,1366,1265,1199,1324,1193,12835,867,2577,244.35,ins,408,1459014
chr5,6439,6514,6297,6498,6393,6390,6273,6404,6570,6338,64116,1211,4172,290.85,del,408,1459014
chr5,1530,1262,1309,1402,1408,1429,1412,1414,1410,1354,13930,900,2772,251.75,ins,409,1380365
chr5,6600,6508,6260,6608,6470,6575,6404,6520,6432,6422,64799,1214,4284,294.2,del,409,1380365
chr5,1136,1098,1292,1188,1160,1249,1257,1179,1205,1123,11887,891,2416,238.5,ins,410,1217569
chr5,5328,5473,5396,5296,5193,5371,5388,5311,5371,5329,53456,1088,3531,269.5,del,410,1217569
chr5,528,480,511,433,510,455,469,387,529,541,4843,326,1099,85.3,ins,411,425854
chr5,1959,2087,1905,1926,1838,1902,1842,1911,1894,2029,19293,408,1301,109.15,del,411,425854
chr6,1069,973,968,1009,978,961,942,991,924,937,9752,600,1815,166.75,ins,412,994363
chr6,3588,3595,3496,3450,3572,3458,3483,3646,3505,3641,35434,718,2455,189.7,del,412,994363
chr6,508,581,427,520,475,478,442,437,444,491,4803,344,1082,88.15,ins,413,457879
chr6,2276,2218,2206,2177,2257,2264,2225,2384,2223,2299,22529,394,1460,92.2,del,413,457879
chr6,527,572,565,571,680,651,661,627,546,593,5993,493,1700,105.5,ins,414,1301193
chr6,3940,3912,3973,3976,3886,3880,3957,3864,3862,3916,39166,700,2345,115.65,del,414,1301193
chr6,455,470,371,443,376,386,494,453,351,525,4324,328,992,75.45,ins,415,1439097
chr6,2464,2290,2418,2357,2322,2381,2288,2478,2298,2250,23546,426,1482,86.8,del,415,1439097
chr6,351,407,326,407,308,383,317,522,421,340,3782,331,1049,64.45,ins,416,1464641
chr6,2823,2768,2837,2860,2897,2869,2800,2743,2796,2822,28215,447,1673,72.8,del,416,1464641
chr6,527,460,494,464,548,524,501,645,557,699,5419,402,1293,90.9,ins,417,1412909
chr6,2859,3045,2908,2921,2853,2889,3031,2765,2872,2974,29117,507,1811,110.2,del,417,1412909
chr6,888,960,812,897,919,915,890,878,987,1015,9161,586,1783,152.9,ins,418,1327101
chr6,4032,3885,4014,3690,3666,3930,3981,3873,3847,3886,38804,808,2630,205.05,del,418,1327101
chr6,942,769,1125,830,913,868,970,868,930,895,9110,607,1780,159.55,ins,419,1348204
chr6,4299,4333,4339,4312,4432,4448,4388,4264,4405,4382,43602,845,2720,187.1,del,419,1348204
chr6,717,590,678,760,611,757,805,819,672,945,7354,476,1544,119.9,ins,422,1439128
chr6,3344,3326,3202,3368,3378,3354,3409,3337,3237,3157,33112,623,2103,138.95,del,422,1439128
chr6,1321,1418,1325,1404,1354,1466,1412,1362,1400,1440,13902,935,3101,228.3,ins,423,1753571
chr6,6277,6193,6397,6228,6350,6397,6278,6211,6237,6199,62767,1222,4051,293.3,del,423,1753571
chr6,1301,1355,1228,1114,1308,1140,1372,1259,1234,1253,12564,829,2522,209.55,ins,424,1527391
chr6,6403,6313,6428,6262,6504,6342,6438,6371,6392,6311,63764,1177,4089,260.4,del,424,1527391
chr6,1261,1266,1245,1237,1262,1252,1260,1266,1252,1300,12601,900,2511,242.1,ins,425,1472816
chr6,5682,5666,5637,5618,5524,5619,5634,5552,5565,5562,56059,1214,3826,318.4,del,425,1472816
chr6,1243,1226,1396,1223,1252,1263,1118,1283,1396,1248,12648,909,2533,244.95,ins,426,1349457
chr6,6712,6711,6724,6443,6639,6689,6596,6664,6676,6783,66637,1325,4433,337.3,del,426,1349457
chr6,1272,1395,1217,1393,1428,1244,1462,1453,1482,1271,13617,841,2341,239.65,ins,427,1326252
chr6,5202,4956,5166,5134,5062,5094,5148,5027,5150,5051,50990,1053,3236,258.6,del,427,1326252
chr7,474,534,407,576,541,543,475,485,533,567,5135,347,1044,88.4,ins,429,525296
chr7,2047,2001,2119,2063,2093,2222,2037,2105,2081,1996,20764,418,1345,106.15,del,429,525296
chr7,1032,1137,1077,1017,929,996,989,920,935,1118,10150,754,2204,201.25,ins,446,1384917
chr7,4571,4624,4572,4543,4672,4603,4512,4666,4609,4715,46087,949,2920,211.25,del,446,1384917
chr7,480,395,518,436,492,462,478,545,513,422,4741,316,1125,77.55,ins,447,654009
chr7,1869,1909,1860,1987,2028,1958,1949,1974,1902,2008,19444,406,1295,101.05,del,447,654009
chr9,376,288,307,368,291,386,303,267,353,249,3188,243,718,57.55,ins,466,1114449
chr9,2215,2237,2350,2202,2253,2314,2320,2343,2307,2282,22823,354,1346,57.45,del,466,1114449
chr9,1038,944,1045,991,852,1107,974,1124,947,1025,10047,624,2042,173.95,ins,467,1409593
chr9,4831,4613,4767,4705,4641,4722,4748,4659,4640,4596,46922,928,3062,216.1,del,467,1409593
chr9,1363,1217,1343,1215,1210,1148,1111,1232,1081,1311,12231,794,2508,213.45,ins,468,1447847
chr9,4933,5060,5054,5041,4934,5059,5158,5065,4995,5180,50479,1033,3173,225.65,del,468,1447847
chr9,1388,1165,1233,1306,1367,1253,1220,1303,1325,1119,12679,793,2627,213.45,ins,469,1427990
chr9,5737,5651,5696,5576,5631,5851,5926,5976,5752,5783,57579,1077,3726,249.75,del,469,1427990
chr9,1117,1032,1067,1096,1180,1129,1160,1062,969,1179,10991,762,2621,186.2,ins,470,1630823
chr9,5395,5482,5645,5200,5544,5492,5395,5449,5551,5445,54598,1006,3553,232.25,del,470,1630823
chr9,1091,955,1152,1121,905,1014,1056,1348,942,1149,10733,699,2455,171.8,ins,471,1526760
chr9,5330,5303,5380,5339,5419,5484,5240,5351,5252,5379,53477,960,3408,221.6,del,471,1526760
chr9,882,807,777,908,972,877,845,867,1007,813,8755,518,1607,142.35,ins,472,1373300
chr9,3840,3846,3727,3811,3770,3813,3809,3794,3790,3858,38058,714,2420,156.1,del,472,1373300
chr9,1161,1172,1225,1272,1084,1277,1296,1208,1304,1428,12427,828,2405,232.35,ins,473,1458752
chr9,6133,6110,6070,6152,6375,6206,5926,6100,6233,6087,61392,1257,3968,296.85,del,473,1458752
chr9,1353,1351,1273,1380,1253,1304,1183,1186,1417,1447,13147,976,2716,257.05,ins,474,1609123
chr9,6676,6703,6888,6713,6615,6742,6851,6673,6757,6844,67462,1354,4489,331.8,del,474,1609123
chr9,1292,1282,1176,1248,1304,1166,1304,1336,1371,1283,12762,895,2736,247.25,ins,475,1054096
chr9,4549,4675,4569,4795,4619,4694,4697,4763,4775,4801,46937,1031,3139,249.35,del,475,1054096
